CREATE DATABASE [QuanLyCuaHangLinhKien]
USE [QuanLyCuaHangLinhKien]
GO
/****** Object:  Table [dbo].[BANGGIA]    Script Date: 12-06-2022 7:53:03 AM ******/
SET ANSI_NULLS ON
GO
SET QUOTED_IDENTIFIER ON
GO
CREATE TABLE [dbo].[BANGGIA](
	[NGAYCAPNHAT] [date] NOT NULL,
	[MALINHKIEN] [nchar](10) NOT NULL,
	[GIABAN] [int] NULL,
 CONSTRAINT [PK_BangGia] PRIMARY KEY CLUSTERED 
(
	[NGAYCAPNHAT] ASC,
	[MALINHKIEN] ASC
)WITH (PAD_INDEX = OFF, STATISTICS_NORECOMPUTE = OFF, IGNORE_DUP_KEY = OFF, ALLOW_ROW_LOCKS = ON, ALLOW_PAGE_LOCKS = ON, OPTIMIZE_FOR_SEQUENTIAL_KEY = OFF) ON [PRIMARY]
) ON [PRIMARY]
GO
/****** Object:  Table [dbo].[DANHMUC]    Script Date: 12-06-2022 7:53:03 AM ******/
SET ANSI_NULLS ON
GO
SET QUOTED_IDENTIFIER ON
GO
CREATE TABLE [dbo].[DANHMUC](
	[MADANHMUC] [nchar](10) NOT NULL,
	[TENDANHMUC] [nvarchar](50) NULL,
	[MOTA] [nvarchar](max) NULL,
 CONSTRAINT [PK_DanhMuc] PRIMARY KEY CLUSTERED 
(
	[MADANHMUC] ASC
)WITH (PAD_INDEX = OFF, STATISTICS_NORECOMPUTE = OFF, IGNORE_DUP_KEY = OFF, ALLOW_ROW_LOCKS = ON, ALLOW_PAGE_LOCKS = ON, OPTIMIZE_FOR_SEQUENTIAL_KEY = OFF) ON [PRIMARY]
) ON [PRIMARY] TEXTIMAGE_ON [PRIMARY]
GO
/****** Object:  Table [dbo].[HOADON]    Script Date: 12-06-2022 7:53:03 AM ******/
SET ANSI_NULLS ON
GO
SET QUOTED_IDENTIFIER ON
GO
CREATE TABLE [dbo].[HOADON](
	[MAHOADON] [nchar](10) NOT NULL,
	[MANVLAP] [nchar](10) NULL,
	[NGAYLAP] [date] NULL,
	[TONGGIATRI] [int] NULL,
	[TENKH] [nvarchar](50) NULL,
	[SDT] [varchar](50) NULL,
	[DIACHI] [nvarchar](50) NULL,
 CONSTRAINT [PK_HoaDon] PRIMARY KEY CLUSTERED 
(
	[MAHOADON] ASC
)WITH (PAD_INDEX = OFF, STATISTICS_NORECOMPUTE = OFF, IGNORE_DUP_KEY = OFF, ALLOW_ROW_LOCKS = ON, ALLOW_PAGE_LOCKS = ON, OPTIMIZE_FOR_SEQUENTIAL_KEY = OFF) ON [PRIMARY]
) ON [PRIMARY]
GO
/****** Object:  Table [dbo].[KHO]    Script Date: 12-06-2022 7:53:03 AM ******/
SET ANSI_NULLS ON
GO
SET QUOTED_IDENTIFIER ON
GO
CREATE TABLE [dbo].[KHO](
	[MAKHO] [nchar](10) NOT NULL,
	[VITRI] [nvarchar](max) NULL,
	[MOTA] [nvarchar](max) NULL,
	[SOLUONG] [int] NULL,
	[NHANVIENQUANLY] [nchar](10) NULL,
 CONSTRAINT [PK_Kho_1] PRIMARY KEY CLUSTERED 
(
	[MAKHO] ASC
)WITH (PAD_INDEX = OFF, STATISTICS_NORECOMPUTE = OFF, IGNORE_DUP_KEY = OFF, ALLOW_ROW_LOCKS = ON, ALLOW_PAGE_LOCKS = ON, OPTIMIZE_FOR_SEQUENTIAL_KEY = OFF) ON [PRIMARY]
) ON [PRIMARY] TEXTIMAGE_ON [PRIMARY]
GO
/****** Object:  Table [dbo].[LINHKIEN]    Script Date: 12-06-2022 7:53:03 AM ******/
SET ANSI_NULLS ON
GO
SET QUOTED_IDENTIFIER ON
GO
CREATE TABLE [dbo].[LINHKIEN](
	[MALINHKIEN] [nchar](10) NOT NULL,
	[MADANHMUC] [nchar](10) NULL,
	[MAKHO] [nchar](10) NULL,
	[TENLINHKIEN] [nvarchar](50) NULL,
	[SOLUONGTON] [int] NULL,
	[DONGIA] [int] NULL,
	[NXS] [date] NULL,
	[MATEM] [nchar](10) NULL,
 CONSTRAINT [PK_LinhKien] PRIMARY KEY CLUSTERED 
(
	[MALINHKIEN] ASC
)WITH (PAD_INDEX = OFF, STATISTICS_NORECOMPUTE = OFF, IGNORE_DUP_KEY = OFF, ALLOW_ROW_LOCKS = ON, ALLOW_PAGE_LOCKS = ON, OPTIMIZE_FOR_SEQUENTIAL_KEY = OFF) ON [PRIMARY]
) ON [PRIMARY]
GO
/****** Object:  Table [dbo].[LINHKIEN_HOADON]    Script Date: 12-06-2022 7:53:03 AM ******/
SET ANSI_NULLS ON
GO
SET QUOTED_IDENTIFIER ON
GO
CREATE TABLE [dbo].[LINHKIEN_HOADON](
	[MALINHKIEN] [nchar](10) NOT NULL,
	[MAHOADON] [nchar](10) NOT NULL,
	[GIABAN] [int] NULL,
	[SOLUONG] [int] NULL,
 CONSTRAINT [PK_LinhKien_HoaDon] PRIMARY KEY CLUSTERED 
(
	[MALINHKIEN] ASC,
	[MAHOADON] ASC
)WITH (PAD_INDEX = OFF, STATISTICS_NORECOMPUTE = OFF, IGNORE_DUP_KEY = OFF, ALLOW_ROW_LOCKS = ON, ALLOW_PAGE_LOCKS = ON, OPTIMIZE_FOR_SEQUENTIAL_KEY = OFF) ON [PRIMARY]
) ON [PRIMARY]
GO
/****** Object:  Table [dbo].[LINHKIEN_KHO]    Script Date: 12-06-2022 7:53:03 AM ******/
SET ANSI_NULLS ON
GO
SET QUOTED_IDENTIFIER ON
GO
CREATE TABLE [dbo].[LINHKIEN_KHO](
	[MALINHKIEN] [nchar](10) NOT NULL,
	[MAKHO] [nchar](10) NOT NULL,
	[VITRILINHKIEN] [nvarchar](50) NULL,
 CONSTRAINT [PK_LINHKIEN_KHO] PRIMARY KEY CLUSTERED 
(
	[MALINHKIEN] ASC,
	[MAKHO] ASC
)WITH (PAD_INDEX = OFF, STATISTICS_NORECOMPUTE = OFF, IGNORE_DUP_KEY = OFF, ALLOW_ROW_LOCKS = ON, ALLOW_PAGE_LOCKS = ON, OPTIMIZE_FOR_SEQUENTIAL_KEY = OFF) ON [PRIMARY]
) ON [PRIMARY]
GO
/****** Object:  Table [dbo].[LINHKIEN_PHIEUNHAP]    Script Date: 12-06-2022 7:53:03 AM ******/
SET ANSI_NULLS ON
GO
SET QUOTED_IDENTIFIER ON
GO
CREATE TABLE [dbo].[LINHKIEN_PHIEUNHAP](
	[MALINHKIEN] [nchar](10) NOT NULL,
	[MAPN] [nchar](10) NOT NULL,
	[SOLUONG] [int] NULL,
	[GIANHAP] [int] NULL,
 CONSTRAINT [PK_LinhKien_PhieuNhap] PRIMARY KEY CLUSTERED 
(
	[MALINHKIEN] ASC,
	[MAPN] ASC
)WITH (PAD_INDEX = OFF, STATISTICS_NORECOMPUTE = OFF, IGNORE_DUP_KEY = OFF, ALLOW_ROW_LOCKS = ON, ALLOW_PAGE_LOCKS = ON, OPTIMIZE_FOR_SEQUENTIAL_KEY = OFF) ON [PRIMARY]
) ON [PRIMARY]
GO
/****** Object:  Table [dbo].[LOAINV]    Script Date: 12-06-2022 7:53:03 AM ******/
SET ANSI_NULLS ON
GO
SET QUOTED_IDENTIFIER ON
GO
CREATE TABLE [dbo].[LOAINV](
	[MALOAI] [nchar](10) NOT NULL,
	[TENLOAI] [nvarchar](50) NULL,
 CONSTRAINT [PK_LoaiNV] PRIMARY KEY CLUSTERED 
(
	[MALOAI] ASC
)WITH (PAD_INDEX = OFF, STATISTICS_NORECOMPUTE = OFF, IGNORE_DUP_KEY = OFF, ALLOW_ROW_LOCKS = ON, ALLOW_PAGE_LOCKS = ON, OPTIMIZE_FOR_SEQUENTIAL_KEY = OFF) ON [PRIMARY]
) ON [PRIMARY]
GO
/****** Object:  Table [dbo].[NHACUNGCAP]    Script Date: 12-06-2022 7:53:03 AM ******/
SET ANSI_NULLS ON
GO
SET QUOTED_IDENTIFIER ON
GO
CREATE TABLE [dbo].[NHACUNGCAP](
	[MANCC] [nchar](10) NOT NULL,
	[DIACHI] [nvarchar](max) NULL,
	[TENNCC] [nvarchar](50) NULL,
	[SDT] [nvarchar](50) NULL,
 CONSTRAINT [PK_NhaCungCap] PRIMARY KEY CLUSTERED 
(
	[MANCC] ASC
)WITH (PAD_INDEX = OFF, STATISTICS_NORECOMPUTE = OFF, IGNORE_DUP_KEY = OFF, ALLOW_ROW_LOCKS = ON, ALLOW_PAGE_LOCKS = ON, OPTIMIZE_FOR_SEQUENTIAL_KEY = OFF) ON [PRIMARY]
) ON [PRIMARY] TEXTIMAGE_ON [PRIMARY]
GO
/****** Object:  Table [dbo].[NHANVIEN]    Script Date: 12-06-2022 7:53:03 AM ******/
SET ANSI_NULLS ON
GO
SET QUOTED_IDENTIFIER ON
GO
CREATE TABLE [dbo].[NHANVIEN](
	[MANV] [nchar](10) NOT NULL,
	[DIACHI] [nvarchar](50) NULL,
	[SDT] [nvarchar](50) NULL,
	[TENNV] [nvarchar](50) NULL,
	[MALOAI] [nchar](10) NULL,
 CONSTRAINT [PK_NhanVien] PRIMARY KEY CLUSTERED 
(
	[MANV] ASC
)WITH (PAD_INDEX = OFF, STATISTICS_NORECOMPUTE = OFF, IGNORE_DUP_KEY = OFF, ALLOW_ROW_LOCKS = ON, ALLOW_PAGE_LOCKS = ON, OPTIMIZE_FOR_SEQUENTIAL_KEY = OFF) ON [PRIMARY]
) ON [PRIMARY]
GO
/****** Object:  Table [dbo].[PHIEUNHAP]    Script Date: 12-06-2022 7:53:03 AM ******/
SET ANSI_NULLS ON
GO
SET QUOTED_IDENTIFIER ON
GO
CREATE TABLE [dbo].[PHIEUNHAP](
	[MAPN] [nchar](10) NOT NULL,
	[MANCC] [nchar](10) NULL,
	[MANVLAP] [nchar](10) NULL,
	[NGAYCAPNHAT] [date] NULL,
 CONSTRAINT [PK_PhieuNhap] PRIMARY KEY CLUSTERED 
(
	[MAPN] ASC
)WITH (PAD_INDEX = OFF, STATISTICS_NORECOMPUTE = OFF, IGNORE_DUP_KEY = OFF, ALLOW_ROW_LOCKS = ON, ALLOW_PAGE_LOCKS = ON, OPTIMIZE_FOR_SEQUENTIAL_KEY = OFF) ON [PRIMARY]
) ON [PRIMARY]
GO
/****** Object:  Table [dbo].[TEMBAOHANH]    Script Date: 12-06-2022 7:53:03 AM ******/
SET ANSI_NULLS ON
GO
SET QUOTED_IDENTIFIER ON
GO
CREATE TABLE [dbo].[TEMBAOHANH](
	[MATEM] [nchar](10) NOT NULL,
	[TENLOAITEM] [nvarchar](50) NULL,
	[THOIGIANBAOHANH] [int] NULL,
 CONSTRAINT [PK_TemBaoHanh] PRIMARY KEY CLUSTERED 
(
	[MATEM] ASC
)WITH (PAD_INDEX = OFF, STATISTICS_NORECOMPUTE = OFF, IGNORE_DUP_KEY = OFF, ALLOW_ROW_LOCKS = ON, ALLOW_PAGE_LOCKS = ON, OPTIMIZE_FOR_SEQUENTIAL_KEY = OFF) ON [PRIMARY]
) ON [PRIMARY]
GO
INSERT [dbo].[BANGGIA] ([NGAYCAPNHAT], [MALINHKIEN], [GIABAN]) VALUES (CAST(N'2019-05-09' AS Date), N'LK01      ', 100000)
INSERT [dbo].[BANGGIA] ([NGAYCAPNHAT], [MALINHKIEN], [GIABAN]) VALUES (CAST(N'2019-05-09' AS Date), N'LK02      ', 200000)
INSERT [dbo].[BANGGIA] ([NGAYCAPNHAT], [MALINHKIEN], [GIABAN]) VALUES (CAST(N'2020-11-11' AS Date), N'LK03      ', 300000)
INSERT [dbo].[BANGGIA] ([NGAYCAPNHAT], [MALINHKIEN], [GIABAN]) VALUES (CAST(N'2020-11-11' AS Date), N'LK04      ', 2000000)
INSERT [dbo].[BANGGIA] ([NGAYCAPNHAT], [MALINHKIEN], [GIABAN]) VALUES (CAST(N'2020-12-12' AS Date), N'LK05      ', 7000000)
INSERT [dbo].[BANGGIA] ([NGAYCAPNHAT], [MALINHKIEN], [GIABAN]) VALUES (CAST(N'2020-12-12' AS Date), N'LK06      ', 500000)
INSERT [dbo].[BANGGIA] ([NGAYCAPNHAT], [MALINHKIEN], [GIABAN]) VALUES (CAST(N'2020-12-12' AS Date), N'LK07      ', 150000)
INSERT [dbo].[BANGGIA] ([NGAYCAPNHAT], [MALINHKIEN], [GIABAN]) VALUES (CAST(N'2020-12-12' AS Date), N'LK08      ', 400000)
INSERT [dbo].[BANGGIA] ([NGAYCAPNHAT], [MALINHKIEN], [GIABAN]) VALUES (CAST(N'2020-12-12' AS Date), N'LK09      ', 600000)
INSERT [dbo].[BANGGIA] ([NGAYCAPNHAT], [MALINHKIEN], [GIABAN]) VALUES (CAST(N'2020-12-12' AS Date), N'LK11      ', 20000000)
INSERT [dbo].[BANGGIA] ([NGAYCAPNHAT], [MALINHKIEN], [GIABAN]) VALUES (CAST(N'2020-12-12' AS Date), N'LK12      ', 800000)
INSERT [dbo].[BANGGIA] ([NGAYCAPNHAT], [MALINHKIEN], [GIABAN]) VALUES (CAST(N'2020-12-12' AS Date), N'LK13      ', 100000)
INSERT [dbo].[BANGGIA] ([NGAYCAPNHAT], [MALINHKIEN], [GIABAN]) VALUES (CAST(N'2020-12-12' AS Date), N'LK14      ', 500000)
INSERT [dbo].[BANGGIA] ([NGAYCAPNHAT], [MALINHKIEN], [GIABAN]) VALUES (CAST(N'2020-12-12' AS Date), N'LK15      ', 300000)
INSERT [dbo].[BANGGIA] ([NGAYCAPNHAT], [MALINHKIEN], [GIABAN]) VALUES (CAST(N'2020-12-12' AS Date), N'LK16      ', 350000)
INSERT [dbo].[BANGGIA] ([NGAYCAPNHAT], [MALINHKIEN], [GIABAN]) VALUES (CAST(N'2020-12-12' AS Date), N'LK17      ', 1500000)
INSERT [dbo].[BANGGIA] ([NGAYCAPNHAT], [MALINHKIEN], [GIABAN]) VALUES (CAST(N'2021-02-02' AS Date), N'LK10      ', 23000000)
INSERT [dbo].[BANGGIA] ([NGAYCAPNHAT], [MALINHKIEN], [GIABAN]) VALUES (CAST(N'2021-02-02' AS Date), N'LK18      ', 2000000)
INSERT [dbo].[BANGGIA] ([NGAYCAPNHAT], [MALINHKIEN], [GIABAN]) VALUES (CAST(N'2021-02-02' AS Date), N'LK19      ', 750000)
INSERT [dbo].[BANGGIA] ([NGAYCAPNHAT], [MALINHKIEN], [GIABAN]) VALUES (CAST(N'2021-02-02' AS Date), N'LK20      ', 1500000)
GO
INSERT [dbo].[DANHMUC] ([MADANHMUC], [TENDANHMUC], [MOTA]) VALUES (N'LKMT      ', N'Linh Kiện Máy Tính', N'RAM, CPU, Card âm thanh, Card đồ họa')
INSERT [dbo].[DANHMUC] ([MADANHMUC], [TENDANHMUC], [MOTA]) VALUES (N'MTXT      ', N'Máy Tính Xách Tay', N'Các loại máy tính sách tay ')
INSERT [dbo].[DANHMUC] ([MADANHMUC], [TENDANHMUC], [MOTA]) VALUES (N'PK        ', N'Phụ Kiện', N'Sạc, Chuột, Bàn phím')
INSERT [dbo].[DANHMUC] ([MADANHMUC], [TENDANHMUC], [MOTA]) VALUES (N'TBAT      ', N'Thiết Bị Âm Thanh', N'Loa, Micro, Tai nghe')
INSERT [dbo].[DANHMUC] ([MADANHMUC], [TENDANHMUC], [MOTA]) VALUES (N'TBLTDL    ', N'Thiết Bị Lữu Trữ Dữ Liệu', N'Thẻ nhớ, Ổ cứng, Ổ mềm, USB')
GO
INSERT [dbo].[HOADON] ([MAHOADON], [MANVLAP], [NGAYLAP], [TONGGIATRI], [TENKH], [SDT], [DIACHI]) VALUES (N'HD01      ', N'NV001     ', CAST(N'2021-06-11' AS Date), 100000, N'Lý Thanh Tú Em', N'0976774933', N'Quận 1, TPHCM')
INSERT [dbo].[HOADON] ([MAHOADON], [MANVLAP], [NGAYLAP], [TONGGIATRI], [TENKH], [SDT], [DIACHI]) VALUES (N'HD02      ', N'NV006     ', CAST(N'2021-06-11' AS Date), 1600000, N'Thân Hàn Bảo Minh', N'0378123260', N'Lệ Thủy, Quảng Bình')
INSERT [dbo].[HOADON] ([MAHOADON], [MANVLAP], [NGAYLAP], [TONGGIATRI], [TENKH], [SDT], [DIACHI]) VALUES (N'HD03      ', N'NV007     ', CAST(N'2021-06-11' AS Date), 21000000, N'Nguyễn Quang Khải', N'0916686129', N'Lệ Ninh, Quảng Bình')
INSERT [dbo].[HOADON] ([MAHOADON], [MANVLAP], [NGAYLAP], [TONGGIATRI], [TENKH], [SDT], [DIACHI]) VALUES (N'HD04      ', N'NV008     ', CAST(N'2021-06-12' AS Date), 1500000, N'Hoàng Thế Bảo', N'0785351548', N'Thủ Đức, TPHCM')
INSERT [dbo].[HOADON] ([MAHOADON], [MANVLAP], [NGAYLAP], [TONGGIATRI], [TENKH], [SDT], [DIACHI]) VALUES (N'HD05      ', N'NV014     ', CAST(N'2021-06-12' AS Date), 1500000, N'Đào Duy Kiệt', N'0349345003', N'Quận 2, TPHCM')
INSERT [dbo].[HOADON] ([MAHOADON], [MANVLAP], [NGAYLAP], [TONGGIATRI], [TENKH], [SDT], [DIACHI]) VALUES (N'HD06      ', N'NV001     ', CAST(N'2021-06-12' AS Date), 800000, N'Hồ Chi Đô', N'0872785789', N'Thủ Đức, TPHCM')
INSERT [dbo].[HOADON] ([MAHOADON], [MANVLAP], [NGAYLAP], [TONGGIATRI], [TENKH], [SDT], [DIACHI]) VALUES (N'HD07      ', N'NV001     ', CAST(N'2021-06-13' AS Date), 200000, N'Đặng Tấn Đạt', N'0372886978', N'Ngũ Hành Sơn, Đà Nẵng')
INSERT [dbo].[HOADON] ([MAHOADON], [MANVLAP], [NGAYLAP], [TONGGIATRI], [TENKH], [SDT], [DIACHI]) VALUES (N'HD08      ', N'NV001     ', CAST(N'2021-06-13' AS Date), 2000000, N'Nguyễn Phi Hùng ', N'0785875578', N'Cẩm Lệ, Đà Nẵng')
INSERT [dbo].[HOADON] ([MAHOADON], [MANVLAP], [NGAYLAP], [TONGGIATRI], [TENKH], [SDT], [DIACHI]) VALUES (N'HD09      ', N'NV008     ', CAST(N'2021-06-13' AS Date), 2500000, N'Nguyễn Việt Nhật ', N'0246574657', N'Thủ Đức, TPHCM')
INSERT [dbo].[HOADON] ([MAHOADON], [MANVLAP], [NGAYLAP], [TONGGIATRI], [TENKH], [SDT], [DIACHI]) VALUES (N'HD10      ', N'NV008     ', CAST(N'2021-06-14' AS Date), 700000, N'Phan Thành Được', N'0654872547', N'Hương Trà, Huế')
INSERT [dbo].[HOADON] ([MAHOADON], [MANVLAP], [NGAYLAP], [TONGGIATRI], [TENKH], [SDT], [DIACHI]) VALUES (N'HD11      ', N'NV007     ', CAST(N'2021-06-14' AS Date), 1200000, N'Nguyễn Võ Hoàng Khải', N'0548745784', N'A Lưới, Huế')
INSERT [dbo].[HOADON] ([MAHOADON], [MANVLAP], [NGAYLAP], [TONGGIATRI], [TENKH], [SDT], [DIACHI]) VALUES (N'HD12      ', N'NV014     ', CAST(N'2021-06-14' AS Date), 1600000, N'Lê Mai Phương', N'0889477150', N'Quận 3, TPHCM')
INSERT [dbo].[HOADON] ([MAHOADON], [MANVLAP], [NGAYLAP], [TONGGIATRI], [TENKH], [SDT], [DIACHI]) VALUES (N'HD13      ', N'NV014     ', CAST(N'2021-06-15' AS Date), 1000000, N'Nguyễn Chí Tâm', N'0708677209', N'Quận 3, TPHCM')
INSERT [dbo].[HOADON] ([MAHOADON], [MANVLAP], [NGAYLAP], [TONGGIATRI], [TENKH], [SDT], [DIACHI]) VALUES (N'HD14      ', N'NV007     ', CAST(N'2021-06-15' AS Date), 20000000, N' Trần Bạch Vân', N'0836556879', N'Dĩ An, Bình Dương')
INSERT [dbo].[HOADON] ([MAHOADON], [MANVLAP], [NGAYLAP], [TONGGIATRI], [TENKH], [SDT], [DIACHI]) VALUES (N'HD15      ', N'NV006     ', CAST(N'2021-06-15' AS Date), 1500000, N'Huỳnh Gia Lâm', N'0855589224', N'Dĩ An, Bình Dương')
INSERT [dbo].[HOADON] ([MAHOADON], [MANVLAP], [NGAYLAP], [TONGGIATRI], [TENKH], [SDT], [DIACHI]) VALUES (N'HD16      ', N'NV006     ', CAST(N'2021-06-16' AS Date), 4500000, N'Nguyễn Quang Thái', N'0962114290', N'Dĩ An, Bình Dương')
INSERT [dbo].[HOADON] ([MAHOADON], [MANVLAP], [NGAYLAP], [TONGGIATRI], [TENKH], [SDT], [DIACHI]) VALUES (N'HD17      ', N'NV014     ', CAST(N'2021-06-16' AS Date), 5000000, N'Nguyễn Khánh Văn', N'0332730582', N'Dĩ An, Bình Dương')
INSERT [dbo].[HOADON] ([MAHOADON], [MANVLAP], [NGAYLAP], [TONGGIATRI], [TENKH], [SDT], [DIACHI]) VALUES (N'HD18      ', N'NV014     ', CAST(N'2021-06-16' AS Date), 8000000, N'Đào Duy Kiệt', N'0349345003', N'Quận 2, TPHCM')
INSERT [dbo].[HOADON] ([MAHOADON], [MANVLAP], [NGAYLAP], [TONGGIATRI], [TENKH], [SDT], [DIACHI]) VALUES (N'HD19      ', N'NV007     ', CAST(N'2021-06-17' AS Date), 5600000, N'Lý Thanh Tú Em', N'0976774933', N'Quận 1, TPHCM')
INSERT [dbo].[HOADON] ([MAHOADON], [MANVLAP], [NGAYLAP], [TONGGIATRI], [TENKH], [SDT], [DIACHI]) VALUES (N'HD20      ', N'NV007     ', CAST(N'2021-06-17' AS Date), 1400000, N'Lý Thanh Tú Em', N'0976774933', N'Quận 1, TPHCM')
GO
INSERT [dbo].[KHO] ([MAKHO], [VITRI], [MOTA], [SOLUONG], [NHANVIENQUANLY]) VALUES (N'KHO01     ', N'Quận 1, TPHCM', N'Quy mô nhỏ', 10256, N'NV002     ')
INSERT [dbo].[KHO] ([MAKHO], [VITRI], [MOTA], [SOLUONG], [NHANVIENQUANLY]) VALUES (N'KHO02     ', N'Quận 3, TPHCM', N'Quy mô vừa', 20055, N'NV017     ')
INSERT [dbo].[KHO] ([MAKHO], [VITRI], [MOTA], [SOLUONG], [NHANVIENQUANLY]) VALUES (N'KHO03     ', N'Thủ Đức, TPHCM', N'Quy mô lớn ', 69005, N'NV018     ')
INSERT [dbo].[KHO] ([MAKHO], [VITRI], [MOTA], [SOLUONG], [NHANVIENQUANLY]) VALUES (N'KHO04     ', N'Quận 2, TPHCM', N'Quy mô vừa', 25012, N'NV019     ')
INSERT [dbo].[KHO] ([MAKHO], [VITRI], [MOTA], [SOLUONG], [NHANVIENQUANLY]) VALUES (N'KHO05     ', N'Dĩ An, Bình Dương', N'Quy mô lớn ', 72093, N'NV020     ')
GO
INSERT [dbo].[LINHKIEN] ([MALINHKIEN], [MADANHMUC], [MAKHO], [TENLINHKIEN], [SOLUONGTON], [DONGIA], [NXS], [MATEM]) VALUES (N'LK01      ', N'LKMT      ', N'KHO01     ', N'Ram 4GB', 2500, 100000, CAST(N'2019-05-16' AS Date), NULL)
INSERT [dbo].[LINHKIEN] ([MALINHKIEN], [MADANHMUC], [MAKHO], [TENLINHKIEN], [SOLUONGTON], [DONGIA], [NXS], [MATEM]) VALUES (N'LK02      ', N'LKMT      ', N'KHO01     ', N'Ram 16GB', 5000, 200000, CAST(N'2019-05-16' AS Date), NULL)
INSERT [dbo].[LINHKIEN] ([MALINHKIEN], [MADANHMUC], [MAKHO], [TENLINHKIEN], [SOLUONGTON], [DONGIA], [NXS], [MATEM]) VALUES (N'LK03      ', N'PK        ', N'KHO01     ', N'Sạc dự phòng Xiaomi', 1500, 300000, CAST(N'2019-05-16' AS Date), N'T6T       ')
INSERT [dbo].[LINHKIEN] ([MALINHKIEN], [MADANHMUC], [MAKHO], [TENLINHKIEN], [SOLUONGTON], [DONGIA], [NXS], [MATEM]) VALUES (N'LK04      ', N'TBAT      ', N'KHO01     ', N'AirPod 3', 1256, 2000000, CAST(N'2019-06-05' AS Date), N'T12T      ')
INSERT [dbo].[LINHKIEN] ([MALINHKIEN], [MADANHMUC], [MAKHO], [TENLINHKIEN], [SOLUONGTON], [DONGIA], [NXS], [MATEM]) VALUES (N'LK05      ', N'LKMT      ', N'KHO02     ', N'Card đồ họa RTX 3090', 5000, 7000000, CAST(N'2010-09-04' AS Date), NULL)
INSERT [dbo].[LINHKIEN] ([MALINHKIEN], [MADANHMUC], [MAKHO], [TENLINHKIEN], [SOLUONGTON], [DONGIA], [NXS], [MATEM]) VALUES (N'LK06      ', N'TBAT      ', N'KHO02     ', N'Loa bluetooth', 5000, 500000, CAST(N'2021-05-03' AS Date), N'T9T       ')
INSERT [dbo].[LINHKIEN] ([MALINHKIEN], [MADANHMUC], [MAKHO], [TENLINHKIEN], [SOLUONGTON], [DONGIA], [NXS], [MATEM]) VALUES (N'LK07      ', N'TBLTDL    ', N'KHO02     ', N'Thẻ nhớ 4GB', 1500, 150000, CAST(N'2021-01-01' AS Date), NULL)
INSERT [dbo].[LINHKIEN] ([MALINHKIEN], [MADANHMUC], [MAKHO], [TENLINHKIEN], [SOLUONGTON], [DONGIA], [NXS], [MATEM]) VALUES (N'LK08      ', N'TBLTDL    ', N'KHO02     ', N'Thẻ nhớ 16GB', 3500, 400000, CAST(N'2021-03-02' AS Date), NULL)
INSERT [dbo].[LINHKIEN] ([MALINHKIEN], [MADANHMUC], [MAKHO], [TENLINHKIEN], [SOLUONGTON], [DONGIA], [NXS], [MATEM]) VALUES (N'LK09      ', N'TBLTDL    ', N'KHO02     ', N'Thẻ nhớ 32 GB', 5055, 600000, CAST(N'2020-09-06' AS Date), NULL)
INSERT [dbo].[LINHKIEN] ([MALINHKIEN], [MADANHMUC], [MAKHO], [TENLINHKIEN], [SOLUONGTON], [DONGIA], [NXS], [MATEM]) VALUES (N'LK10      ', N'MTXT      ', N'KHO03     ', N'Máy tính xách tay Acer', 10000, 23000000, CAST(N'2021-06-07' AS Date), N'T12T      ')
INSERT [dbo].[LINHKIEN] ([MALINHKIEN], [MADANHMUC], [MAKHO], [TENLINHKIEN], [SOLUONGTON], [DONGIA], [NXS], [MATEM]) VALUES (N'LK11      ', N'MTXT      ', N'KHO03     ', N'Máy tính xách tay Dell', 5000, 20000000, CAST(N'2021-02-02' AS Date), N'T12T      ')
INSERT [dbo].[LINHKIEN] ([MALINHKIEN], [MADANHMUC], [MAKHO], [TENLINHKIEN], [SOLUONGTON], [DONGIA], [NXS], [MATEM]) VALUES (N'LK12      ', N'TBLTDL    ', N'KHO03     ', N'Thẻ nhớ 64GB', 30000, 800000, CAST(N'2021-04-01' AS Date), NULL)
INSERT [dbo].[LINHKIEN] ([MALINHKIEN], [MADANHMUC], [MAKHO], [TENLINHKIEN], [SOLUONGTON], [DONGIA], [NXS], [MATEM]) VALUES (N'LK13      ', N'TBAT      ', N'KHO03     ', N'Tai nghe có dây', 10000, 100000, CAST(N'2021-09-06' AS Date), N'T6T       ')
INSERT [dbo].[LINHKIEN] ([MALINHKIEN], [MADANHMUC], [MAKHO], [TENLINHKIEN], [SOLUONGTON], [DONGIA], [NXS], [MATEM]) VALUES (N'LK14      ', N'PK        ', N'KHO03     ', N'Bàn phím cơ Logitech', 14005, 500000, CAST(N'2021-03-07' AS Date), N'T9T       ')
INSERT [dbo].[LINHKIEN] ([MALINHKIEN], [MADANHMUC], [MAKHO], [TENLINHKIEN], [SOLUONGTON], [DONGIA], [NXS], [MATEM]) VALUES (N'LK15      ', N'PK        ', N'KHO04     ', N'Chuột Logitech', 10000, 300000, CAST(N'2021-05-03' AS Date), N'T6T       ')
INSERT [dbo].[LINHKIEN] ([MALINHKIEN], [MADANHMUC], [MAKHO], [TENLINHKIEN], [SOLUONGTON], [DONGIA], [NXS], [MATEM]) VALUES (N'LK16      ', N'PK        ', N'KHO04     ', N'Sạc laptop Acer', 5000, 350000, CAST(N'2021-05-06' AS Date), N'T6T       ')
INSERT [dbo].[LINHKIEN] ([MALINHKIEN], [MADANHMUC], [MAKHO], [TENLINHKIEN], [SOLUONGTON], [DONGIA], [NXS], [MATEM]) VALUES (N'LK17      ', N'TBLTDL    ', N'KHO04     ', N'Ổ cứng SSD 128GB', 10012, 1500000, CAST(N'2020-12-19' AS Date), NULL)
INSERT [dbo].[LINHKIEN] ([MALINHKIEN], [MADANHMUC], [MAKHO], [TENLINHKIEN], [SOLUONGTON], [DONGIA], [NXS], [MATEM]) VALUES (N'LK18      ', N'TBLTDL    ', N'KHO05     ', N'Ổ cứng HDD 128GB', 20000, 2000000, CAST(N'2021-01-06' AS Date), NULL)
INSERT [dbo].[LINHKIEN] ([MALINHKIEN], [MADANHMUC], [MAKHO], [TENLINHKIEN], [SOLUONGTON], [DONGIA], [NXS], [MATEM]) VALUES (N'LK19      ', N'TBLTDL    ', N'KHO05     ', N'USB 64GB', 20000, 750000, CAST(N'2021-01-03' AS Date), NULL)
INSERT [dbo].[LINHKIEN] ([MALINHKIEN], [MADANHMUC], [MAKHO], [TENLINHKIEN], [SOLUONGTON], [DONGIA], [NXS], [MATEM]) VALUES (N'LK20      ', N'TBAT      ', N'KHO05     ', N'AirPod2', 32093, 1500000, CAST(N'2021-03-06' AS Date), N'T12T      ')
GO
INSERT [dbo].[LINHKIEN_HOADON] ([MALINHKIEN], [MAHOADON], [GIABAN], [SOLUONG]) VALUES (N'LK01      ', N'HD01      ', 100000, 1)
INSERT [dbo].[LINHKIEN_HOADON] ([MALINHKIEN], [MAHOADON], [GIABAN], [SOLUONG]) VALUES (N'LK01      ', N'HD07      ', 100000, 2)
INSERT [dbo].[LINHKIEN_HOADON] ([MALINHKIEN], [MAHOADON], [GIABAN], [SOLUONG]) VALUES (N'LK01      ', N'HD09      ', 100000, 1)
INSERT [dbo].[LINHKIEN_HOADON] ([MALINHKIEN], [MAHOADON], [GIABAN], [SOLUONG]) VALUES (N'LK01      ', N'HD11      ', 100000, 12)
INSERT [dbo].[LINHKIEN_HOADON] ([MALINHKIEN], [MAHOADON], [GIABAN], [SOLUONG]) VALUES (N'LK01      ', N'HD20      ', 100000, 14)
INSERT [dbo].[LINHKIEN_HOADON] ([MALINHKIEN], [MAHOADON], [GIABAN], [SOLUONG]) VALUES (N'LK02      ', N'HD02      ', 200000, 8)
INSERT [dbo].[LINHKIEN_HOADON] ([MALINHKIEN], [MAHOADON], [GIABAN], [SOLUONG]) VALUES (N'LK03      ', N'HD03      ', 300000, 70)
INSERT [dbo].[LINHKIEN_HOADON] ([MALINHKIEN], [MAHOADON], [GIABAN], [SOLUONG]) VALUES (N'LK03      ', N'HD04      ', 300000, 5)
INSERT [dbo].[LINHKIEN_HOADON] ([MALINHKIEN], [MAHOADON], [GIABAN], [SOLUONG]) VALUES (N'LK04      ', N'HD19      ', 2000000, 2)
INSERT [dbo].[LINHKIEN_HOADON] ([MALINHKIEN], [MAHOADON], [GIABAN], [SOLUONG]) VALUES (N'LK06      ', N'HD05      ', 500000, 3)
INSERT [dbo].[LINHKIEN_HOADON] ([MALINHKIEN], [MAHOADON], [GIABAN], [SOLUONG]) VALUES (N'LK06      ', N'HD13      ', 500000, 2)
INSERT [dbo].[LINHKIEN_HOADON] ([MALINHKIEN], [MAHOADON], [GIABAN], [SOLUONG]) VALUES (N'LK06      ', N'HD19      ', 500000, 2)
INSERT [dbo].[LINHKIEN_HOADON] ([MALINHKIEN], [MAHOADON], [GIABAN], [SOLUONG]) VALUES (N'LK07      ', N'HD09      ', 150000, 1)
INSERT [dbo].[LINHKIEN_HOADON] ([MALINHKIEN], [MAHOADON], [GIABAN], [SOLUONG]) VALUES (N'LK09      ', N'HD19      ', 600000, 1)
INSERT [dbo].[LINHKIEN_HOADON] ([MALINHKIEN], [MAHOADON], [GIABAN], [SOLUONG]) VALUES (N'LK11      ', N'HD14      ', 20000000, 1)
INSERT [dbo].[LINHKIEN_HOADON] ([MALINHKIEN], [MAHOADON], [GIABAN], [SOLUONG]) VALUES (N'LK12      ', N'HD06      ', 800000, 1)
INSERT [dbo].[LINHKIEN_HOADON] ([MALINHKIEN], [MAHOADON], [GIABAN], [SOLUONG]) VALUES (N'LK13      ', N'HD10      ', 100000, 7)
INSERT [dbo].[LINHKIEN_HOADON] ([MALINHKIEN], [MAHOADON], [GIABAN], [SOLUONG]) VALUES (N'LK13      ', N'HD12      ', 100000, 16)
INSERT [dbo].[LINHKIEN_HOADON] ([MALINHKIEN], [MAHOADON], [GIABAN], [SOLUONG]) VALUES (N'LK14      ', N'HD17      ', 500000, 10)
INSERT [dbo].[LINHKIEN_HOADON] ([MALINHKIEN], [MAHOADON], [GIABAN], [SOLUONG]) VALUES (N'LK17      ', N'HD15      ', 1500000, 1)
INSERT [dbo].[LINHKIEN_HOADON] ([MALINHKIEN], [MAHOADON], [GIABAN], [SOLUONG]) VALUES (N'LK17      ', N'HD16      ', 1500000, 3)
INSERT [dbo].[LINHKIEN_HOADON] ([MALINHKIEN], [MAHOADON], [GIABAN], [SOLUONG]) VALUES (N'LK18      ', N'HD08      ', 2000000, 1)
INSERT [dbo].[LINHKIEN_HOADON] ([MALINHKIEN], [MAHOADON], [GIABAN], [SOLUONG]) VALUES (N'LK18      ', N'HD18      ', 2000000, 4)
GO
INSERT [dbo].[LINHKIEN_KHO] ([MALINHKIEN], [MAKHO], [VITRILINHKIEN]) VALUES (N'LK01      ', N'KHO01     ', N'Kệ A')
INSERT [dbo].[LINHKIEN_KHO] ([MALINHKIEN], [MAKHO], [VITRILINHKIEN]) VALUES (N'LK02      ', N'KHO01     ', N'Kệ B')
INSERT [dbo].[LINHKIEN_KHO] ([MALINHKIEN], [MAKHO], [VITRILINHKIEN]) VALUES (N'LK03      ', N'KHO01     ', N'Kệ C')
INSERT [dbo].[LINHKIEN_KHO] ([MALINHKIEN], [MAKHO], [VITRILINHKIEN]) VALUES (N'LK04      ', N'KHO01     ', N'Kệ D')
INSERT [dbo].[LINHKIEN_KHO] ([MALINHKIEN], [MAKHO], [VITRILINHKIEN]) VALUES (N'LK05      ', N'KHO02     ', N'Kệ A')
INSERT [dbo].[LINHKIEN_KHO] ([MALINHKIEN], [MAKHO], [VITRILINHKIEN]) VALUES (N'LK06      ', N'KHO02     ', N'Kệ B')
INSERT [dbo].[LINHKIEN_KHO] ([MALINHKIEN], [MAKHO], [VITRILINHKIEN]) VALUES (N'LK07      ', N'KHO02     ', N'Kệ C')
INSERT [dbo].[LINHKIEN_KHO] ([MALINHKIEN], [MAKHO], [VITRILINHKIEN]) VALUES (N'LK08      ', N'KHO02     ', N'Kệ D')
INSERT [dbo].[LINHKIEN_KHO] ([MALINHKIEN], [MAKHO], [VITRILINHKIEN]) VALUES (N'LK09      ', N'KHO02     ', N'Kệ E')
INSERT [dbo].[LINHKIEN_KHO] ([MALINHKIEN], [MAKHO], [VITRILINHKIEN]) VALUES (N'LK10      ', N'KHO03     ', N'Kệ A')
INSERT [dbo].[LINHKIEN_KHO] ([MALINHKIEN], [MAKHO], [VITRILINHKIEN]) VALUES (N'LK11      ', N'KHO03     ', N'Kệ B')
INSERT [dbo].[LINHKIEN_KHO] ([MALINHKIEN], [MAKHO], [VITRILINHKIEN]) VALUES (N'LK12      ', N'KHO03     ', N'Kệ C')
INSERT [dbo].[LINHKIEN_KHO] ([MALINHKIEN], [MAKHO], [VITRILINHKIEN]) VALUES (N'LK13      ', N'KHO03     ', N'Kệ D')
INSERT [dbo].[LINHKIEN_KHO] ([MALINHKIEN], [MAKHO], [VITRILINHKIEN]) VALUES (N'LK14      ', N'KHO03     ', N'Kệ E')
INSERT [dbo].[LINHKIEN_KHO] ([MALINHKIEN], [MAKHO], [VITRILINHKIEN]) VALUES (N'LK15      ', N'KHO04     ', N'Kệ A')
INSERT [dbo].[LINHKIEN_KHO] ([MALINHKIEN], [MAKHO], [VITRILINHKIEN]) VALUES (N'LK16      ', N'KHO04     ', N'Kệ B')
INSERT [dbo].[LINHKIEN_KHO] ([MALINHKIEN], [MAKHO], [VITRILINHKIEN]) VALUES (N'LK17      ', N'KHO04     ', N'Kệ C')
INSERT [dbo].[LINHKIEN_KHO] ([MALINHKIEN], [MAKHO], [VITRILINHKIEN]) VALUES (N'LK18      ', N'KHO05     ', N'Kệ A')
INSERT [dbo].[LINHKIEN_KHO] ([MALINHKIEN], [MAKHO], [VITRILINHKIEN]) VALUES (N'LK19      ', N'KHO05     ', N'Kệ B')
INSERT [dbo].[LINHKIEN_KHO] ([MALINHKIEN], [MAKHO], [VITRILINHKIEN]) VALUES (N'LK20      ', N'KHO05     ', N'Kệ C')
GO
INSERT [dbo].[LINHKIEN_PHIEUNHAP] ([MALINHKIEN], [MAPN], [SOLUONG], [GIANHAP]) VALUES (N'LK01      ', N'PN01      ', 2500, 95000)
INSERT [dbo].[LINHKIEN_PHIEUNHAP] ([MALINHKIEN], [MAPN], [SOLUONG], [GIANHAP]) VALUES (N'LK02      ', N'PN02      ', 5000, 150000)
INSERT [dbo].[LINHKIEN_PHIEUNHAP] ([MALINHKIEN], [MAPN], [SOLUONG], [GIANHAP]) VALUES (N'LK03      ', N'PN03      ', 1500, 290000)
INSERT [dbo].[LINHKIEN_PHIEUNHAP] ([MALINHKIEN], [MAPN], [SOLUONG], [GIANHAP]) VALUES (N'LK04      ', N'PN04      ', 1256, 1700000)
INSERT [dbo].[LINHKIEN_PHIEUNHAP] ([MALINHKIEN], [MAPN], [SOLUONG], [GIANHAP]) VALUES (N'LK05      ', N'PN05      ', 5000, 6000000)
INSERT [dbo].[LINHKIEN_PHIEUNHAP] ([MALINHKIEN], [MAPN], [SOLUONG], [GIANHAP]) VALUES (N'LK06      ', N'PN06      ', 5000, 400000)
INSERT [dbo].[LINHKIEN_PHIEUNHAP] ([MALINHKIEN], [MAPN], [SOLUONG], [GIANHAP]) VALUES (N'LK07      ', N'PN07      ', 1500, 100000)
INSERT [dbo].[LINHKIEN_PHIEUNHAP] ([MALINHKIEN], [MAPN], [SOLUONG], [GIANHAP]) VALUES (N'LK08      ', N'PN08      ', 3500, 350000)
INSERT [dbo].[LINHKIEN_PHIEUNHAP] ([MALINHKIEN], [MAPN], [SOLUONG], [GIANHAP]) VALUES (N'LK09      ', N'PN09      ', 5055, 500000)
INSERT [dbo].[LINHKIEN_PHIEUNHAP] ([MALINHKIEN], [MAPN], [SOLUONG], [GIANHAP]) VALUES (N'LK10      ', N'PN10      ', 10000, 20000000)
INSERT [dbo].[LINHKIEN_PHIEUNHAP] ([MALINHKIEN], [MAPN], [SOLUONG], [GIANHAP]) VALUES (N'LK11      ', N'PN11      ', 5000, 18000000)
INSERT [dbo].[LINHKIEN_PHIEUNHAP] ([MALINHKIEN], [MAPN], [SOLUONG], [GIANHAP]) VALUES (N'LK12      ', N'PN12      ', 30000, 600000)
INSERT [dbo].[LINHKIEN_PHIEUNHAP] ([MALINHKIEN], [MAPN], [SOLUONG], [GIANHAP]) VALUES (N'LK13      ', N'PN13      ', 10000, 60000)
INSERT [dbo].[LINHKIEN_PHIEUNHAP] ([MALINHKIEN], [MAPN], [SOLUONG], [GIANHAP]) VALUES (N'LK14      ', N'PN14      ', 14005, 400000)
INSERT [dbo].[LINHKIEN_PHIEUNHAP] ([MALINHKIEN], [MAPN], [SOLUONG], [GIANHAP]) VALUES (N'LK15      ', N'PN15      ', 10000, 250000)
INSERT [dbo].[LINHKIEN_PHIEUNHAP] ([MALINHKIEN], [MAPN], [SOLUONG], [GIANHAP]) VALUES (N'LK16      ', N'PN16      ', 5000, 300000)
INSERT [dbo].[LINHKIEN_PHIEUNHAP] ([MALINHKIEN], [MAPN], [SOLUONG], [GIANHAP]) VALUES (N'LK17      ', N'PN17      ', 10012, 1200000)
INSERT [dbo].[LINHKIEN_PHIEUNHAP] ([MALINHKIEN], [MAPN], [SOLUONG], [GIANHAP]) VALUES (N'LK18      ', N'PN18      ', 20000, 1800000)
INSERT [dbo].[LINHKIEN_PHIEUNHAP] ([MALINHKIEN], [MAPN], [SOLUONG], [GIANHAP]) VALUES (N'LK19      ', N'PN19      ', 20000, 700000)
INSERT [dbo].[LINHKIEN_PHIEUNHAP] ([MALINHKIEN], [MAPN], [SOLUONG], [GIANHAP]) VALUES (N'LK20      ', N'PN20      ', 32093, 1300000)
GO
INSERT [dbo].[LOAINV] ([MALOAI], [TENLOAI]) VALUES (N'BHTK      ', N'Bán Hàng Tại Kho')
INSERT [dbo].[LOAINV] ([MALOAI], [TENLOAI]) VALUES (N'BHTQ      ', N'Bán Hàng Tại Quầy')
INSERT [dbo].[LOAINV] ([MALOAI], [TENLOAI]) VALUES (N'QLCH      ', N'Quản Lý Cửa Hàng')
INSERT [dbo].[LOAINV] ([MALOAI], [TENLOAI]) VALUES (N'QLK       ', N'Quản Lý Kho')
INSERT [dbo].[LOAINV] ([MALOAI], [TENLOAI]) VALUES (N'TN        ', N'Thu Ngân')
GO
INSERT [dbo].[NHACUNGCAP] ([MANCC], [DIACHI], [TENNCC], [SDT]) VALUES (N'NCC001    ', N'Vũng Tàu', N'Thiên Long', N'081281281')
INSERT [dbo].[NHACUNGCAP] ([MANCC], [DIACHI], [TENNCC], [SDT]) VALUES (N'NCC002    ', N'Quảng Trị', N'Thiên Phú', N'092848312')
INSERT [dbo].[NHACUNGCAP] ([MANCC], [DIACHI], [TENNCC], [SDT]) VALUES (N'NCC003    ', N'Ninh Bình', N'Cao Minh', N'028382381')
INSERT [dbo].[NHACUNGCAP] ([MANCC], [DIACHI], [TENNCC], [SDT]) VALUES (N'NCC004    ', N'Quảng Nam', N'Thiên Minh', N'023912382')
INSERT [dbo].[NHACUNGCAP] ([MANCC], [DIACHI], [TENNCC], [SDT]) VALUES (N'NCC005    ', N'Quảng Ngãi', N'Phú Cường', N'092381293')
INSERT [dbo].[NHACUNGCAP] ([MANCC], [DIACHI], [TENNCC], [SDT]) VALUES (N'NCC006    ', N'Hà Nội', N'Toàn Bảo', N'092381231')
INSERT [dbo].[NHACUNGCAP] ([MANCC], [DIACHI], [TENNCC], [SDT]) VALUES (N'NCC007    ', N'Cao Bằng', N'Apolo', N'054821547')
INSERT [dbo].[NHACUNGCAP] ([MANCC], [DIACHI], [TENNCC], [SDT]) VALUES (N'NCC008    ', N'Hà Nội', N'Bảo An', N'092938123')
INSERT [dbo].[NHACUNGCAP] ([MANCC], [DIACHI], [TENNCC], [SDT]) VALUES (N'NCC009    ', N'New York, Hoa Kỳ', N'Lotus', N'092381233')
INSERT [dbo].[NHACUNGCAP] ([MANCC], [DIACHI], [TENNCC], [SDT]) VALUES (N'NCC010    ', N'Đà Nẵng', N'Thiên Sơn', N'029392321')
INSERT [dbo].[NHACUNGCAP] ([MANCC], [DIACHI], [TENNCC], [SDT]) VALUES (N'NCC011    ', N'Đà Nẵng ', N'Anh Thông', N'023912312')
INSERT [dbo].[NHACUNGCAP] ([MANCC], [DIACHI], [TENNCC], [SDT]) VALUES (N'NCC012    ', N'Đà Nẵng', N'SamSung', N'029312938')
INSERT [dbo].[NHACUNGCAP] ([MANCC], [DIACHI], [TENNCC], [SDT]) VALUES (N'NCC013    ', N'Hà Nội', N'Nguyên Khang', N'092382813')
INSERT [dbo].[NHACUNGCAP] ([MANCC], [DIACHI], [TENNCC], [SDT]) VALUES (N'NCC014    ', N'Thành Phố Hồ Chí Minh', N'Công ty Abeco', N'082139128')
INSERT [dbo].[NHACUNGCAP] ([MANCC], [DIACHI], [TENNCC], [SDT]) VALUES (N'NCC015    ', N'Thành Phố Hồ Chí Minh', N'Lê Vũ', N'092137878')
INSERT [dbo].[NHACUNGCAP] ([MANCC], [DIACHI], [TENNCC], [SDT]) VALUES (N'NCC016    ', N'Thành Phố Hồ Chí Minh', N'Phong Vũ', N'023182139')
INSERT [dbo].[NHACUNGCAP] ([MANCC], [DIACHI], [TENNCC], [SDT]) VALUES (N'NCC017    ', N'Thành Phố Hồ Chí Minh', N'Jing Gong', N'021381238')
INSERT [dbo].[NHACUNGCAP] ([MANCC], [DIACHI], [TENNCC], [SDT]) VALUES (N'NCC018    ', N'Hà Nội', N'Gia Nguyên', N'091239128')
INSERT [dbo].[NHACUNGCAP] ([MANCC], [DIACHI], [TENNCC], [SDT]) VALUES (N'NCC019    ', N'Vũng Tàu', N'Gia Xuân', N'019231238')
INSERT [dbo].[NHACUNGCAP] ([MANCC], [DIACHI], [TENNCC], [SDT]) VALUES (N'NCC020    ', N'Lâm Đồng', N'Phùng An', N'091239213')
GO
INSERT [dbo].[NHANVIEN] ([MANV], [DIACHI], [SDT], [TENNV], [MALOAI]) VALUES (N'NV001     ', N'Quảng Bình', N'018454875', N'Nguyễn Hùng Khánh', N'TN        ')
INSERT [dbo].[NHANVIEN] ([MANV], [DIACHI], [SDT], [TENNV], [MALOAI]) VALUES (N'NV002     ', N'Lâm Đồng', N'075742785', N'Đỗ Thị Thúy Vân', N'QLK       ')
INSERT [dbo].[NHANVIEN] ([MANV], [DIACHI], [SDT], [TENNV], [MALOAI]) VALUES (N'NV003     ', N'Lâm Đồng', N'081454215', N'Ngô Minh Chí', N'BHTQ      ')
INSERT [dbo].[NHANVIEN] ([MANV], [DIACHI], [SDT], [TENNV], [MALOAI]) VALUES (N'NV004     ', N'Quảng Ngãi', N'012938123', N'Nguyễn Thị Yến Vy', N'BHTK      ')
INSERT [dbo].[NHANVIEN] ([MANV], [DIACHI], [SDT], [TENNV], [MALOAI]) VALUES (N'NV005     ', N'Quảng Bình ', N'092138821', N'Võ Đức Hưng', N'QLCH      ')
INSERT [dbo].[NHANVIEN] ([MANV], [DIACHI], [SDT], [TENNV], [MALOAI]) VALUES (N'NV006     ', N'Quảng Trị', N'086548747', N'Nguyễn Trung Hiếu', N'TN        ')
INSERT [dbo].[NHANVIEN] ([MANV], [DIACHI], [SDT], [TENNV], [MALOAI]) VALUES (N'NV007     ', N'Hà Nội', N'084545878', N'Nguyễn Xuân Điền', N'TN        ')
INSERT [dbo].[NHANVIEN] ([MANV], [DIACHI], [SDT], [TENNV], [MALOAI]) VALUES (N'NV008     ', N'Hà Nội', N'081254575', N'Nguyễn Tuấn Tài', N'TN        ')
INSERT [dbo].[NHANVIEN] ([MANV], [DIACHI], [SDT], [TENNV], [MALOAI]) VALUES (N'NV009     ', N'Huế', N'086565745', N'Trần Thái Tân', N'BHTQ      ')
INSERT [dbo].[NHANVIEN] ([MANV], [DIACHI], [SDT], [TENNV], [MALOAI]) VALUES (N'NV010     ', N'Đà Đẵng', N'025451875', N'Nguyễn Trọng Hiếu', N'BHTK      ')
INSERT [dbo].[NHANVIEN] ([MANV], [DIACHI], [SDT], [TENNV], [MALOAI]) VALUES (N'NV011     ', N'Vũng Tàu', N'024548445', N'Trần Trung Hậu', N'BHTQ      ')
INSERT [dbo].[NHANVIEN] ([MANV], [DIACHI], [SDT], [TENNV], [MALOAI]) VALUES (N'NV012     ', N'Thành Phố Hồ Chí Minh', N'054842154', N'Vi Lý Duy Trường', N'BHTQ      ')
INSERT [dbo].[NHANVIEN] ([MANV], [DIACHI], [SDT], [TENNV], [MALOAI]) VALUES (N'NV013     ', N'Quảng Nam', N'046548415', N'Vũ Tiến Đạt', N'BHTK      ')
INSERT [dbo].[NHANVIEN] ([MANV], [DIACHI], [SDT], [TENNV], [MALOAI]) VALUES (N'NV014     ', N'Quảng Ngãi', N'054845151', N'Đỗ Hoàng Long', N'TN        ')
INSERT [dbo].[NHANVIEN] ([MANV], [DIACHI], [SDT], [TENNV], [MALOAI]) VALUES (N'NV015     ', N'Vũng Tàu', N'055454545', N'Vũ Yên Định ', N'BHTK      ')
INSERT [dbo].[NHANVIEN] ([MANV], [DIACHI], [SDT], [TENNV], [MALOAI]) VALUES (N'NV016     ', N'Cà Mau', N'054889753', N'Nguyễn Thái Vương', N'BHTK      ')
INSERT [dbo].[NHANVIEN] ([MANV], [DIACHI], [SDT], [TENNV], [MALOAI]) VALUES (N'NV017     ', N'Cà Mau', N'012839128', N'Võ Ngọc Có', N'QLK       ')
INSERT [dbo].[NHANVIEN] ([MANV], [DIACHI], [SDT], [TENNV], [MALOAI]) VALUES (N'NV018     ', N'Hà Nội', N'019239127', N'Hồ Minh Vọng', N'QLK       ')
INSERT [dbo].[NHANVIEN] ([MANV], [DIACHI], [SDT], [TENNV], [MALOAI]) VALUES (N'NV019     ', N'Bình Định', N'019238123', N'Nguyễn Hoàng Nhật Minh', N'QLK       ')
INSERT [dbo].[NHANVIEN] ([MANV], [DIACHI], [SDT], [TENNV], [MALOAI]) VALUES (N'NV020     ', N'Quảng Nam', N'012931283', N'Nguyễn Khải Huy', N'QLK       ')
GO
INSERT [dbo].[PHIEUNHAP] ([MAPN], [MANCC], [MANVLAP], [NGAYCAPNHAT]) VALUES (N'PN01      ', N'NCC001    ', N'NV002     ', CAST(N'2021-01-01' AS Date))
INSERT [dbo].[PHIEUNHAP] ([MAPN], [MANCC], [MANVLAP], [NGAYCAPNHAT]) VALUES (N'PN02      ', N'NCC002    ', N'NV017     ', CAST(N'2021-01-01' AS Date))
INSERT [dbo].[PHIEUNHAP] ([MAPN], [MANCC], [MANVLAP], [NGAYCAPNHAT]) VALUES (N'PN03      ', N'NCC003    ', N'NV018     ', CAST(N'2021-01-01' AS Date))
INSERT [dbo].[PHIEUNHAP] ([MAPN], [MANCC], [MANVLAP], [NGAYCAPNHAT]) VALUES (N'PN04      ', N'NCC004    ', N'NV002     ', CAST(N'2021-01-01' AS Date))
INSERT [dbo].[PHIEUNHAP] ([MAPN], [MANCC], [MANVLAP], [NGAYCAPNHAT]) VALUES (N'PN05      ', N'NCC012    ', N'NV020     ', CAST(N'2021-01-01' AS Date))
INSERT [dbo].[PHIEUNHAP] ([MAPN], [MANCC], [MANVLAP], [NGAYCAPNHAT]) VALUES (N'PN06      ', N'NCC015    ', N'NV002     ', CAST(N'2021-01-01' AS Date))
INSERT [dbo].[PHIEUNHAP] ([MAPN], [MANCC], [MANVLAP], [NGAYCAPNHAT]) VALUES (N'PN07      ', N'NCC017    ', N'NV002     ', CAST(N'2021-01-01' AS Date))
INSERT [dbo].[PHIEUNHAP] ([MAPN], [MANCC], [MANVLAP], [NGAYCAPNHAT]) VALUES (N'PN08      ', N'NCC020    ', N'NV017     ', CAST(N'2021-01-01' AS Date))
INSERT [dbo].[PHIEUNHAP] ([MAPN], [MANCC], [MANVLAP], [NGAYCAPNHAT]) VALUES (N'PN09      ', N'NCC012    ', N'NV019     ', CAST(N'2021-01-01' AS Date))
INSERT [dbo].[PHIEUNHAP] ([MAPN], [MANCC], [MANVLAP], [NGAYCAPNHAT]) VALUES (N'PN10      ', N'NCC017    ', N'NV018     ', CAST(N'2021-01-01' AS Date))
INSERT [dbo].[PHIEUNHAP] ([MAPN], [MANCC], [MANVLAP], [NGAYCAPNHAT]) VALUES (N'PN11      ', N'NCC017    ', N'NV018     ', CAST(N'2021-01-01' AS Date))
INSERT [dbo].[PHIEUNHAP] ([MAPN], [MANCC], [MANVLAP], [NGAYCAPNHAT]) VALUES (N'PN12      ', N'NCC009    ', N'NV020     ', CAST(N'2021-01-01' AS Date))
INSERT [dbo].[PHIEUNHAP] ([MAPN], [MANCC], [MANVLAP], [NGAYCAPNHAT]) VALUES (N'PN13      ', N'NCC007    ', N'NV002     ', CAST(N'2021-01-01' AS Date))
INSERT [dbo].[PHIEUNHAP] ([MAPN], [MANCC], [MANVLAP], [NGAYCAPNHAT]) VALUES (N'PN14      ', N'NCC017    ', N'NV017     ', CAST(N'2021-01-01' AS Date))
INSERT [dbo].[PHIEUNHAP] ([MAPN], [MANCC], [MANVLAP], [NGAYCAPNHAT]) VALUES (N'PN15      ', N'NCC004    ', N'NV002     ', CAST(N'2021-01-01' AS Date))
INSERT [dbo].[PHIEUNHAP] ([MAPN], [MANCC], [MANVLAP], [NGAYCAPNHAT]) VALUES (N'PN16      ', N'NCC002    ', N'NV017     ', CAST(N'2021-01-01' AS Date))
INSERT [dbo].[PHIEUNHAP] ([MAPN], [MANCC], [MANVLAP], [NGAYCAPNHAT]) VALUES (N'PN17      ', N'NCC004    ', N'NV017     ', CAST(N'2021-01-01' AS Date))
INSERT [dbo].[PHIEUNHAP] ([MAPN], [MANCC], [MANVLAP], [NGAYCAPNHAT]) VALUES (N'PN18      ', N'NCC001    ', N'NV002     ', CAST(N'2021-01-01' AS Date))
INSERT [dbo].[PHIEUNHAP] ([MAPN], [MANCC], [MANVLAP], [NGAYCAPNHAT]) VALUES (N'PN19      ', N'NCC002    ', N'NV002     ', CAST(N'2021-01-01' AS Date))
INSERT [dbo].[PHIEUNHAP] ([MAPN], [MANCC], [MANVLAP], [NGAYCAPNHAT]) VALUES (N'PN20      ', N'NCC012    ', N'NV019     ', CAST(N'2021-01-01' AS Date))
GO
INSERT [dbo].[TEMBAOHANH] ([MATEM], [TENLOAITEM], [THOIGIANBAOHANH]) VALUES (N'T12T      ', N'Tem bảo hành 12 tháng', 12)
INSERT [dbo].[TEMBAOHANH] ([MATEM], [TENLOAITEM], [THOIGIANBAOHANH]) VALUES (N'T6T       ', N'Tem bảo hành 6 tháng', 6)
INSERT [dbo].[TEMBAOHANH] ([MATEM], [TENLOAITEM], [THOIGIANBAOHANH]) VALUES (N'T9T       ', N'Tem bảo hành 9 tháng', 9)
GO
ALTER TABLE [dbo].[BANGGIA]  WITH CHECK ADD  CONSTRAINT [FK_BangGia_LinhKien] FOREIGN KEY([MALINHKIEN])
REFERENCES [dbo].[LINHKIEN] ([MALINHKIEN])
GO
ALTER TABLE [dbo].[BANGGIA] CHECK CONSTRAINT [FK_BangGia_LinhKien]
GO
ALTER TABLE [dbo].[HOADON]  WITH CHECK ADD  CONSTRAINT [FK_HoaDon_NhanVien] FOREIGN KEY([MANVLAP])
REFERENCES [dbo].[NHANVIEN] ([MANV])
GO
ALTER TABLE [dbo].[HOADON] CHECK CONSTRAINT [FK_HoaDon_NhanVien]
GO
ALTER TABLE [dbo].[KHO]  WITH CHECK ADD  CONSTRAINT [FK_Kho_NhanVien] FOREIGN KEY([NHANVIENQUANLY])
REFERENCES [dbo].[NHANVIEN] ([MANV])
GO
ALTER TABLE [dbo].[KHO] CHECK CONSTRAINT [FK_Kho_NhanVien]
GO
ALTER TABLE [dbo].[LINHKIEN]  WITH CHECK ADD  CONSTRAINT [FK_LinhKien_DanhMuc] FOREIGN KEY([MADANHMUC])
REFERENCES [dbo].[DANHMUC] ([MADANHMUC])
GO
ALTER TABLE [dbo].[LINHKIEN] CHECK CONSTRAINT [FK_LinhKien_DanhMuc]
GO
ALTER TABLE [dbo].[LINHKIEN]  WITH CHECK ADD  CONSTRAINT [FK_LinhKien_Kho1] FOREIGN KEY([MAKHO])
REFERENCES [dbo].[KHO] ([MAKHO])
GO
ALTER TABLE [dbo].[LINHKIEN] CHECK CONSTRAINT [FK_LinhKien_Kho1]
GO
ALTER TABLE [dbo].[LINHKIEN]  WITH CHECK ADD  CONSTRAINT [FK_LinhKien_TemBaoHanh1] FOREIGN KEY([MATEM])
REFERENCES [dbo].[TEMBAOHANH] ([MATEM])
GO
ALTER TABLE [dbo].[LINHKIEN] CHECK CONSTRAINT [FK_LinhKien_TemBaoHanh1]
GO
ALTER TABLE [dbo].[LINHKIEN_HOADON]  WITH CHECK ADD  CONSTRAINT [FK_LinhKien_HoaDon_HoaDon1] FOREIGN KEY([MAHOADON])
REFERENCES [dbo].[HOADON] ([MAHOADON])
GO
ALTER TABLE [dbo].[LINHKIEN_HOADON] CHECK CONSTRAINT [FK_LinhKien_HoaDon_HoaDon1]
GO
ALTER TABLE [dbo].[LINHKIEN_HOADON]  WITH CHECK ADD  CONSTRAINT [FK_LinhKien_HoaDon_LinhKien1] FOREIGN KEY([MALINHKIEN])
REFERENCES [dbo].[LINHKIEN] ([MALINHKIEN])
GO
ALTER TABLE [dbo].[LINHKIEN_HOADON] CHECK CONSTRAINT [FK_LinhKien_HoaDon_LinhKien1]
GO
ALTER TABLE [dbo].[LINHKIEN_KHO]  WITH CHECK ADD  CONSTRAINT [FK_LINHKIEN_KHO_Kho] FOREIGN KEY([MAKHO])
REFERENCES [dbo].[KHO] ([MAKHO])
GO
ALTER TABLE [dbo].[LINHKIEN_KHO] CHECK CONSTRAINT [FK_LINHKIEN_KHO_Kho]
GO
ALTER TABLE [dbo].[LINHKIEN_KHO]  WITH CHECK ADD  CONSTRAINT [FK_LINHKIEN_KHO_LinhKien] FOREIGN KEY([MALINHKIEN])
REFERENCES [dbo].[LINHKIEN] ([MALINHKIEN])
GO
ALTER TABLE [dbo].[LINHKIEN_KHO] CHECK CONSTRAINT [FK_LINHKIEN_KHO_LinhKien]
GO
ALTER TABLE [dbo].[LINHKIEN_PHIEUNHAP]  WITH CHECK ADD  CONSTRAINT [FK_LinhKien_PhieuNhap_LinhKien1] FOREIGN KEY([MALINHKIEN])
REFERENCES [dbo].[LINHKIEN] ([MALINHKIEN])
GO
ALTER TABLE [dbo].[LINHKIEN_PHIEUNHAP] CHECK CONSTRAINT [FK_LinhKien_PhieuNhap_LinhKien1]
GO
ALTER TABLE [dbo].[LINHKIEN_PHIEUNHAP]  WITH CHECK ADD  CONSTRAINT [FK_LinhKien_PhieuNhap_PhieuNhap1] FOREIGN KEY([MAPN])
REFERENCES [dbo].[PHIEUNHAP] ([MAPN])
GO
ALTER TABLE [dbo].[LINHKIEN_PHIEUNHAP] CHECK CONSTRAINT [FK_LinhKien_PhieuNhap_PhieuNhap1]
GO
ALTER TABLE [dbo].[NHANVIEN]  WITH CHECK ADD  CONSTRAINT [FK_NhanVien_LoaiNV] FOREIGN KEY([MALOAI])
REFERENCES [dbo].[LOAINV] ([MALOAI])
GO
ALTER TABLE [dbo].[NHANVIEN] CHECK CONSTRAINT [FK_NhanVien_LoaiNV]
GO
ALTER TABLE [dbo].[PHIEUNHAP]  WITH CHECK ADD  CONSTRAINT [FK_PhieuNhap_NhaCungCap1] FOREIGN KEY([MANCC])
REFERENCES [dbo].[NHACUNGCAP] ([MANCC])
GO
ALTER TABLE [dbo].[PHIEUNHAP] CHECK CONSTRAINT [FK_PhieuNhap_NhaCungCap1]
GO
ALTER TABLE [dbo].[PHIEUNHAP]  WITH CHECK ADD  CONSTRAINT [FK_PhieuNhap_NhanVien] FOREIGN KEY([MANVLAP])
REFERENCES [dbo].[NHANVIEN] ([MANV])
GO
ALTER TABLE [dbo].[PHIEUNHAP] CHECK CONSTRAINT [FK_PhieuNhap_NhanVien]
GO
